{"time": [0.0, 1.0101010101010102, 2.0202020202020203, 3.0303030303030303, 4.040404040404041, 5.050505050505051, 6.0606060606060606, 7.070707070707071, 8.080808080808081, 9.090909090909092, 10.101010101010102, 11.111111111111112, 12.121212121212121, 13.131313131313131, 14.141414141414142, 15.151515151515152, 16.161616161616163, 17.171717171717173, 18.181818181818183, 19.191919191919194, 20.202020202020204, 21.212121212121215, 22.222222222222225, 23.232323232323235, 24.242424242424242, 25.252525252525253, 26.262626262626263, 27.272727272727273, 28.282828282828284, 29.292929292929294, 30.303030303030305, 31.313131313131315, 32.323232323232325, 33.333333333333336, 34.343434343434346, 35.35353535353536, 36.36363636363637, 37.37373737373738, 38.38383838383839, 39.3939393939394, 40.40404040404041, 41.41414141414142, 42.42424242424243, 43.43434343434344, 44.44444444444445, 45.45454545454546, 46.46464646464647, 47.47474747474748, 48.484848484848484, 49.494949494949495, 50.505050505050505, 51.515151515151516, 52.525252525252526, 53.535353535353536, 54.54545454545455, 55.55555555555556, 56.56565656565657, 57.57575757575758, 58.58585858585859, 59.5959595959596, 60.60606060606061, 61.61616161616162, 62.62626262626263, 63.63636363636364, 64.64646464646465, 65.65656565656566, 66.66666666666667, 67.67676767676768, 68.68686868686869, 69.6969696969697, 70.70707070707071, 71.71717171717172, 72.72727272727273, 73.73737373737374, 74.74747474747475, 75.75757575757576, 76.76767676767678, 77.77777777777779, 78.7878787878788, 79.7979797979798, 80.80808080808082, 81.81818181818183, 82.82828282828284, 83.83838383838385, 84.84848484848486, 85.85858585858587, 86.86868686868688, 87.87878787878789, 88.8888888888889, 89.89898989898991, 90.90909090909092, 91.91919191919193, 92.92929292929294, 93.93939393939395, 94.94949494949496, 95.95959595959597, 96.96969696969697, 97.97979797979798, 98.98989898989899, 100.0], "acceleration": [-0.10458855185172647, 0.011930598074555196, 0.24230185897215922, 0.14160169946282453, 0.17689054395412077, 0.2481083532480211, 0.279885958715771, 0.1913993105869182, 0.4375506039554515, 0.4273791358933073, 0.48029664313518694, 0.5796274993015853, 0.5302775103200439, 0.6011110251404007, 0.5865540958680422, 0.4848961829318161, -0.06519892904573396, -0.15752816420711505, 0.034078393170137604, -0.022326482836654366, 0.05936212238386791, -0.15640437443728025, -0.12071119768749212, -0.013791402001142131, 0.01771820256668497, 0.016414696961918298, 0.09101880436492438, -0.14383730344752083, -0.01397088761668253, 0.024779015349832626, -0.1636793565434747, -0.020746045564385678, -0.11786998648927922, -0.08096315586551994, -0.06552650559809908, 0.022635926267703246, -0.050832588101392774, -2.8368276056230783, 0.06864712390121544, 0.06046545714918373, 0.22815792190385564, 0.4813792740106123, 0.5355397653107852, 0.5372168563394424, 0.6478796039589646, 0.7569854892665072, 0.8967284875432068, 0.8991227233794485, 0.9946103584713125, 0.9673503787595638, 0.6095060497798207, 0.5558820340903292, 0.4690663392726989, 0.3370897591990348, 0.378559561875559, 0.18104986197638118, 0.22648153192772993, 0.16408730627691137, -0.08109821765841424, -0.09288614451199909, -0.03727576623699457, -0.18102027092198705, -0.16399855810817426, -0.07630548704820439, -0.11062441605330518, 0.1254800217770762, 0.1200694641475703, 0.11618825802284823, -0.07408035603502257, 0.05656155589456723, -0.046385599935835596, -0.010948596519566207, 0.1928710039901383, -0.18918358785944261, -0.044437199187101706, -0.5393257513940617, -0.44307502395684, -0.5108391708348878, -0.7198843729011275, -0.9027165105586077, -0.7866404655321719, -0.9441756078602022, -0.917852415555283, -5.030079905018609, 0.12796821954707222, 0.015862252545872684, -0.06619642395676457, 0.16805700699903087, 0.018013321060615983, -0.010375328313924737, 0.04382836155640937, 0.09260256357887055, 0.23005648187307204, -0.04890226387112245, 0.1708785649648003, 0.19824020457513583, 0.18107613634677452, 0.21559563821523628, 0.23591599293601762, 0.25852348084878457], "vel": [0.4585387036808525, 0.8497869562206891, -0.615572273200009, 0.27710555329787806, 0.41031337806003076, 0.49776080138585865, 1.9254327826424893, 1.7570226175109906, 1.6803457488599658, 1.240164611466727, 0.7310603252779844, 4.600448481688825, 3.763941163181255, 5.123399683467593, 6.761790701693865, 8.482128840006906, 5.016900300381913, 6.95771166816011, 7.428096528571992, 5.976309492669794, 6.4365842524531, 5.811242434001787, 5.915606176248746, 6.2366030447730285, 4.649738387228648, 6.603241025853114, 6.011591677363101, 8.461998671051946, 6.922124991491088, 5.065056491327833, 6.317850098509267, 5.022397061425086, 5.19593411744032, 6.586883988289013, 7.728992678062832, 6.478283527044047, 4.849289994391332, 2.7786612323909727, 2.885926383734938, 3.4740592508627337, 3.487792109512311, 2.509723643220936, 3.9207013256016783, 4.591018588831417, 4.59511504846932, 6.927477202177725, 8.981145422811872, 7.920070352727065, 9.910877468966206, 10.604229891894377, 8.894654963343196, 12.247124004312353, 10.463182197718721, 11.17998873693063, 11.727460057926843, 12.325157130290767, 14.899374322105034, 13.702078994653343, 13.706875978435074, 12.71441260111493, 12.460583833275706, 11.947943298729115, 11.786934442944455, 13.537136811302641, 14.05086717419295, 12.096817937616786, 11.652539103515524, 13.10956122725932, 12.327470145964405, 13.611328121681794, 13.751088984225072, 11.050719188957576, 13.599485563723832, 12.774078754418221, 13.592553221003353, 11.46585996631672, 11.406282207151166, 11.012071295765606, 9.999914701634454, 9.801708422182124, 8.772060787255835, 9.194893915088723, 7.67837799061199, 2.2061646359278253, 1.3793476463957552, 3.7642104077377443, 1.5151342365810183, 1.2373576385149088, 2.28829999164057, 3.1987402720680267, 3.4550469192548707, 3.3424562111058806, 2.2549792527655073, 1.703371468670566, 3.780199881102143, 4.049285814205733, 2.357314868578052, 5.000122983728358, 4.169588434612613, 3.289806955354967], "pos": [-13.818893142917041, 41.42498530046026, 38.909490388716925, 107.50046040481284, 88.48712322748821, 36.61832978689631, -31.63535208978597, 77.13338445220873, 5.581680508936581, -16.86874544051295, -31.991255251613516, -15.277469775106718, 88.25633467398052, -57.731156383094316, 90.09593990553259, 25.317292546355894, 37.10266261764187, 82.88461630345151, 55.40852810117764, 67.25132910029724, 58.56950630830422, 48.010408547526914, 111.65812045746864, -19.335417293565982, 115.02995744883755, 149.72981365149337, 22.028214540738375, 42.46747457113224, 190.18887427026135, 222.19304621215514, 185.85587415693806, 136.89970399344094, 168.40472766682453, 202.69880014897524, 131.3718242987213, 73.25594719910022, 175.12655014070504, 117.93073217597251, 192.60057399374463, 224.64057380056786, 81.84980605399099, 132.98116488471211, 181.33930521703817, 186.25264224325701, 270.1315786329216, 192.77722161612408, 157.4874981976502, 221.91712805186586, 296.1816914276158, 224.69024888701145, 224.4005066696555, 313.7004686564861, 277.0455472518956, 264.4875061613563, 314.65200106033757, 361.7542231027288, 325.67529747780276, 280.3787372100284, 417.29644498973255, 346.95903809167385, 397.4889263478346, 334.7463001476606, 323.6351233563038, 413.5653789623506, 379.95512054206824, 490.8640248623774, 438.86062957750215, 442.41422649836994, 481.78574112181036, 495.5813165989543, 502.01576655418734, 497.7505840128605, 553.1045662944423, 587.9648131017603, 647.0088151727941, 563.7785909609819, 575.9130983246416, 553.3919684025873, 568.8088830666743, 578.3036371150054, 697.2895567668763, 626.6429965036264, 649.7708074255833, 754.5053455553342, 604.5651947708885, 610.5726558242482, 559.9865998279013, 683.2816316963092, 537.4259345309489, 665.9791366023021, 583.0378933108011, 639.2577289568695, 575.039784195451, 607.4004785354066, 725.0051490317355, 613.8703579230616, 592.1374207173607, 702.2562858968346, 699.4925116449205, 694.3932689466399]}